{
  "Profiles": [
    {
      "Right Option Key Sends" : 0,
      "Tags" : [

      ],
      "Ansi 12 Color" : {
        "Green Component" : 0.59999999999999998,
        "Blue Component" : 0.73333333333333328,
        "Red Component" : 0.42352941176470588
      },
      "Use Non-ASCII Font" : false,
      "Transparency" : 0,
      "Bold Color" : {
        "Green Component" : 0.81568628549575806,
        "Blue Component" : 0.81568628549575806,
        "Red Component" : 0.81568628549575806
      },
      "Normal Font" : "FiraCode-Medium 13",
      "Ansi 1 Color" : {
        "Green Component" : 0.25490197539999998,
        "Blue Component" : 0.2588235438,
        "Red Component" : 0.67450982329999998
      },
      "Horizontal Spacing" : 0.88201830760542166,
      "Rows" : 32,
      "Default Bookmark" : "No",
      "Custom Directory" : "Yes",
      "Cursor Guide Color" : {
        "Red Component" : 0.65000000000000002,
        "Color Space" : "Calibrated",
        "Blue Component" : 1,
        "Alpha Component" : 0.25,
        "Green Component" : 0.91000000000000003
      },
      "Non-ASCII Anti Aliased" : true,
      "Use Bright Bold" : true,
      "Ansi 10 Color" : {
        "Green Component" : 0.55576569570135748,
        "Blue Component" : 0.31444666754949363,
        "Red Component" : 0.49473804391474724
      },
      "Use Cursor Guide" : false,
      "Ambiguous Double Width" : false,
      "Jobs to Ignore" : [
        "rlogin",
        "ssh",
        "slogin",
        "telnet"
      ],
      "Ansi 15 Color" : {
        "Green Component" : 0.96078431606292725,
        "Blue Component" : 0.96078431606292725,
        "Red Component" : 0.96078431606292725
      },
      "Foreground Color" : {
        "Green Component" : 0.81568628549575806,
        "Blue Component" : 0.81568628549575806,
        "Red Component" : 0.81568628549575806
      },
      "Bound Hosts" : [

      ],
      "Working Directory" : "~\/code",
      "Blinking Cursor" : false,
      "Disable Window Resizing" : true,
      "Sync Title" : false,
      "Prompt Before Closing 2" : false,
      "BM Growl" : true,
      "Command" : "\/bin\/zsh -c \"\/usr\/local\/bin\/tmux attach || \/usr\/local\/bin\/tmux new -s main\"",
      "Description" : "Default",
      "Smart Cursor Color" : false,
      "Mouse Reporting" : true,
      "Screen" : -1,
      "Selection Color" : {
        "Green Component" : 0.18823529779911041,
        "Blue Component" : 0.18823529779911041,
        "Red Component" : 0.18823529779911041
      },
      "Only The Default BG Color Uses Transparency" : false,
      "Columns" : 105,
      "Idle Code" : 0,
      "Ansi 13 Color" : {
        "Green Component" : 0.30697798580000002,
        "Blue Component" : 0.5234466981,
        "Red Component" : 0.62333851809999996
      },
      "Custom Command" : "Yes",
      "ASCII Anti Aliased" : true,
      "Non Ascii Font" : "Monaco 12",
      "Vertical Spacing" : 1.3841338008283133,
      "Use Bold Font" : true,
      "Option Key Sends" : 0,
      "Selected Text Color" : {
        "Green Component" : 0.81568628549575806,
        "Blue Component" : 0.81568628549575806,
        "Red Component" : 0.81568628549575806
      },
      "Background Color" : {
        "Green Component" : 0.1283406391402715,
        "Blue Component" : 0.1283406391402715,
        "Red Component" : 0.1283406391402715
      },
      "Character Encoding" : 4,
      "Ansi 11 Color" : {
        "Green Component" : 0.70980392160000005,
        "Blue Component" : 0.4039215686,
        "Red Component" : 0.8980392157
      },
      "Thin Strokes" : 4,
      "Use Italic Font" : true,
      "Unlimited Scrollback" : false,
      "Keyboard Map" : {
        "0x31-0x100000" : {
          "Action" : 11,
          "Text" : "0x02 0x31"
        },
        "0xf700-0x260000" : {
          "Text" : "[1;6A",
            "Action" : 10
        },
        "0x37-0x40000" : {
          "Text" : "0x1f",
          "Action" : 11
        },
        "0x32-0x40000" : {
          "Text" : "0x00",
          "Action" : 11
        },
        "0xf709-0x20000" : {
          "Text" : "[17;2~",
            "Action" : 10
        },
        "0xf70c-0x20000" : {
          "Text" : "[20;2~",
            "Action" : 10
        },
        "0xf729-0x20000" : {
          "Text" : "[1;2H",
            "Action" : 10
        },
        "0xf72b-0x40000" : {
          "Text" : "[1;5F",
            "Action" : 10
        },
        "0xf705-0x20000" : {
          "Text" : "[1;2Q",
            "Action" : 10
        },
        "0xf703-0x260000" : {
          "Text" : "[1;6C",
            "Action" : 10
        },
        "0xf700-0x220000" : {
          "Text" : "[1;2A",
            "Action" : 10
        },
        "0xf701-0x280000" : {
          "Text" : "0x1b 0x1b 0x5b 0x42",
          "Action" : 11
        },
        "0x38-0x40000" : {
          "Text" : "0x7f",
          "Action" : 11
        },
        "0x33-0x40000" : {
          "Text" : "0x1b",
          "Action" : 11
        },
        "0x39-0x100000" : {
          "Action" : 11,
          "Text" : "0x02 0x39"
        },
        "0x6b-0x100000" : {
          "Action" : 11,
          "Text" : "0x02 0x0B"
        },
        "0xf703-0x220000" : {
          "Text" : "[1;2C",
            "Action" : 10
        },
        "0x38-0x100000" : {
          "Action" : 11,
          "Text" : "0x02 0x38"
        },
        "0xf701-0x240000" : {
          "Text" : "[1;5B",
            "Action" : 10
        },
        "0xf70d-0x20000" : {
          "Text" : "[21;2~",
            "Action" : 10
        },
        "0xf702-0x260000" : {
          "Text" : "[1;6D",
            "Action" : 10
        },
        "0xf729-0x40000" : {
          "Text" : "[1;5H",
            "Action" : 10
        },
        "0x37-0x100000" : {
          "Action" : 11,
          "Text" : "0x02 0x37"
        },
        "0xf706-0x20000" : {
          "Text" : "[1;2R",
            "Action" : 10
        },
        "0x34-0x40000" : {
          "Text" : "0x1c",
          "Action" : 11
        },
        "0xf700-0x280000" : {
          "Text" : "0x1b 0x1b 0x5b 0x41",
          "Action" : 11
        },
        "0x36-0x100000" : {
          "Action" : 11,
          "Text" : "0x02 0x36"
        },
        "0x2d-0x40000" : {
          "Text" : "0x1f",
          "Action" : 11
        },
        "0xf70e-0x20000" : {
          "Text" : "[23;2~",
            "Action" : 10
        },
        "0xf702-0x220000" : {
          "Text" : "[1;2D",
            "Action" : 10
        },
        "0x35-0x100000" : {
          "Action" : 11,
          "Text" : "0x02 0x35"
        },
        "0xf703-0x280000" : {
          "Text" : "0x1b 0x1b 0x5b 0x43",
          "Action" : 11
        },
        "0xf700-0x240000" : {
          "Text" : "[1;5A",
            "Action" : 10
        },
        "0xf707-0x20000" : {
          "Text" : "[1;2S",
            "Action" : 10
        },
        "0xf70a-0x20000" : {
          "Text" : "[18;2~",
            "Action" : 10
        },
        "0x35-0x40000" : {
          "Text" : "0x1d",
          "Action" : 11
        },
        "0x34-0x100000" : {
          "Action" : 11,
          "Text" : "0x02 0x34"
        },
        "0xf70f-0x20000" : {
          "Text" : "[24;2~",
            "Action" : 10
        },
        "0x33-0x100000" : {
          "Action" : 11,
          "Text" : "0x02 0x33"
        },
        "0xf703-0x240000" : {
          "Text" : "[1;5C",
            "Action" : 10
        },
        "0xf701-0x260000" : {
          "Text" : "[1;6B",
            "Action" : 10
        },
        "0xf702-0x280000" : {
          "Text" : "0x1b 0x1b 0x5b 0x44",
          "Action" : 11
        },
        "0xf72b-0x20000" : {
          "Text" : "[1;2F",
            "Action" : 10
        },
        "0x36-0x40000" : {
          "Text" : "0x1e",
          "Action" : 11
        },
        "0xf708-0x20000" : {
          "Text" : "[15;2~",
            "Action" : 10
        },